Bäldi, Joachim https://upload.wikimedia.org/wikipedia/commons/6/68/COABaeldi.png
Beza, Theodor https://de.wikipedia.org/wiki/Th%C3%A9odore_de_B%C3%A8ze, https://upload.wikimedia.org/wikipedia/commons/d/d2/Theodore-de-Beze-2.jpg
    de Bèze, Théodore, https://de.wikipedia.org/wiki/Th%C3%A9odore_de_B%C3%A8ze, https://upload.wikimedia.org/wikipedia/commons/d/d2/Theodore-de-Beze-2.jpg
Blarer, Ambrosius, https://de.wikipedia.org/wiki/Ambrosius_Blarer, https://upload.wikimedia.org/wikipedia/commons/d/d9/H_Hondius_d%C3%84_-_Ambrosius_Blarer_%28RB23-07%29.jpg
    Blaurer, Ambrosius, https://de.wikipedia.org/wiki/Ambrosius_Blarer, https://upload.wikimedia.org/wikipedia/commons/d/d9/H_Hondius_d%C3%84_-_Ambrosius_Blarer_%28RB23-07%29.jpg
Blasius, Johannes, https://de.wikipedia.org/wiki/Johannes_Blasius
    Bläsi, Johannes, https://de.wikipedia.org/wiki/Johannes_Blasius
Bochetel, Bernardin, https://fr.wikipedia.org/wiki/Bernardin_Bochetel, https://fr.wikipedia.org/wiki/Bernardin_Bochetel#/media/Fichier:Ornements_ext%C3%A9rieurs_Ev%C3%AAques.svg
Borrhaus, Martin, https://de.wikipedia.org/wiki/Martin_Borrhaus
    Cellarius, Martin, https://de.wikipedia.org/wiki/Martin_Borrhaus
    Borrhus, Martin, https://de.wikipedia.org/wiki/Martin_Borrhaus
    Bürkß, Martin, https://de.wikipedia.org/wiki/Martin_Borrhaus
    Bürkss, Martin, https://de.wikipedia.org/wiki/Martin_Borrhaus
Bullinger, Heinrich, https://de.wikipedia.org/wiki/Heinrich_Bullinger, https://upload.wikimedia.org/wikipedia/commons/7/7b/Heinrich_Bullinger.jpg
Burcher, John
Calvin, Johannes, https://de.wikipedia.org/wiki/Johannes_Calvin, https://upload.wikimedia.org/wikipedia/commons/1/19/John_Calvin_-_Young.jpg
    Calvinus, Johannes, https://de.wikipedia.org/wiki/Johannes_Calvin, https://upload.wikimedia.org/wikipedia/commons/1/19/John_Calvin_-_Young.jpg
    Calvinus, Ioannes, https://de.wikipedia.org/wiki/Johannes_Calvin, https://upload.wikimedia.org/wikipedia/commons/1/19/John_Calvin_-_Young.jpg
    Calvin, Jean, https://de.wikipedia.org/wiki/Johannes_Calvin, https://upload.wikimedia.org/wikipedia/commons/1/19/John_Calvin_-_Young.jpg
    Calvin, Johan, https://de.wikipedia.org/wiki/Johannes_Calvin, https://upload.wikimedia.org/wikipedia/commons/1/19/John_Calvin_-_Young.jpg
    Cauvin, Jehan, https://de.wikipedia.org/wiki/Johannes_Calvin, https://upload.wikimedia.org/wikipedia/commons/1/19/John_Calvin_-_Young.jpg
Coignet, Matthieu, https://en.wikipedia.org/wiki/Matthieu_Coignet
    Cognet, Martyn, https://en.wikipedia.org/wiki/Matthieu_Coignet
Comander, Johannes, https://de.wikipedia.org/wiki/Johannes_Comander
    Dorfmann, Johannes, https://de.wikipedia.org/wiki/Johannes_Comander
    Hutmacher, Johannes, https://de.wikipedia.org/wiki/Johannes_Comander
Dasypodius, Conrad, https://de.wikipedia.org/wiki/Conrad_Dasypodius
    Dasypodius, Konrad, https://de.wikipedia.org/wiki/Conrad_Dasypodius
    Hasenfratz, Konrad, https://de.wikipedia.org/wiki/Conrad_Dasypodius
    Rauchfuss, Konrad, https://de.wikipedia.org/wiki/Conrad_Dasypodius
de L'Aubespine, Sebastian, https://de.wikipedia.org/wiki/S%C3%A9bastien_de_l%E2%80%99Aubespine https://upload.wikimedia.org/wikipedia/commons/1/11/SebastiendelAubespine.jpg
Egli, Tobias, https://de.wikipedia.org/wiki/Tobias_Egli
Erastus, Thomas, https://de.wikipedia.org/wiki/Thomas_Erastus, https://upload.wikimedia.org/wikipedia/commons/c/ca/Bildnis_des_Thomas_Erastus.jpg
    Erast, Thomas, https://de.wikipedia.org/wiki/Thomas_Erastus, https://upload.wikimedia.org/wikipedia/commons/c/ca/Bildnis_des_Thomas_Erastus.jpg
    Lüber, Thomas, https://de.wikipedia.org/wiki/Thomas_Erastus, https://upload.wikimedia.org/wikipedia/commons/c/ca/Bildnis_des_Thomas_Erastus.jpg
    Lieber, Thomas, https://de.wikipedia.org/wiki/Thomas_Erastus, https://upload.wikimedia.org/wikipedia/commons/c/ca/Bildnis_des_Thomas_Erastus.jpg
Erb Matthias, https://de.wikipedia.org/wiki/Matthias_Erb
Fabricius, Johannes, https://de.wikipedia.org/wiki/Johannes_Fabricius_Montanus
    Schmid, Johannes, https://de.wikipedia.org/wiki/Johannes_Fabricius_Montanus
    Schmid, Jean, https://de.wikipedia.org/wiki/Johannes_Fabricius_Montanus
    Schmid, Hans, https://de.wikipedia.org/wiki/Johannes_Fabricius_Montanus
Finsler, Josua
Fraisse, Jean
    du Fraisse, Jean
Frölich, Georg
Gast, Johannes, https://de.wikipedia.org/wiki/Johannes_Gast
    Peregrinus, Johannes, https://de.wikipedia.org/wiki/Johannes_Gast
Gallicius, Phillip https://de.wikipedia.org/wiki/Philipp_Gallicius
    Saluz, Phillip https://de.wikipedia.org/wiki/Philipp_Gallicius
Schuler Gervasius, https://de.wikipedia.org/wiki/Gervasius_Schuler
Gwalther, Rudolf, https://de.wikipedia.org/wiki/Rudolf_Gwalther, https://upload.wikimedia.org/wikipedia/commons/3/3c/Portr%C3%A4t_von_Rudolf_Gwalter.jpg
    Gualther, Rudolf, https://de.wikipedia.org/wiki/Rudolf_Gwalther, https://upload.wikimedia.org/wikipedia/commons/3/3c/Portr%C3%A4t_von_Rudolf_Gwalter.jpg
    Walther, Rudolf, https://de.wikipedia.org/wiki/Rudolf_Gwalther, https://upload.wikimedia.org/wikipedia/commons/3/3c/Portr%C3%A4t_von_Rudolf_Gwalter.jpg
Haller, Johannes
Haller, Wolfgang
Happel, Wigand
Hilles, Richard
Hospinian, Johannes, https://de.wikipedia.org/wiki/Johannes_Hospinianus
    Wirt, Johannes, https://de.wikipedia.org/wiki/Johannes_Hospinianus
    Hospinian, Johannes, https://de.wikipedia.org/wiki/Johannes_Hospinianus
    Steinanus, Johannes, https://de.wikipedia.org/wiki/Johannes_Hospinianus
    Hospinianus, Johannes, https://de.wikipedia.org/wiki/Johannes_Hospinianus
    Hospinianus von Stein, Johannes, https://de.wikipedia.org/wiki/Johannes_Hospinianus
Hotomannus, Franciscus, https://de.wikipedia.org/wiki/Franciscus_Hotomanus, https://upload.wikimedia.org/wikipedia/commons/c/c9/Fran%C3%A7ois_Hotman.jpg
    Hotomannus, François, https://de.wikipedia.org/wiki/Franciscus_Hotomanus, https://upload.wikimedia.org/wikipedia/commons/c/c9/Fran%C3%A7ois_Hotman.jpg
    Hotman, Franciscus, https://de.wikipedia.org/wiki/Franciscus_Hotomanus, https://upload.wikimedia.org/wikipedia/commons/c/c9/Fran%C3%A7ois_Hotman.jpg
    Hotman, François, https://de.wikipedia.org/wiki/Franciscus_Hotomanus, https://upload.wikimedia.org/wikipedia/commons/c/c9/Fran%C3%A7ois_Hotman.jpg
    Hottomannus, Franciscus, https://de.wikipedia.org/wiki/Franciscus_Hotomanus, https://upload.wikimedia.org/wikipedia/commons/c/c9/Fran%C3%A7ois_Hotman.jpg
    Hottomannus, François, https://de.wikipedia.org/wiki/Franciscus_Hotomanus, https://upload.wikimedia.org/wikipedia/commons/c/c9/Fran%C3%A7ois_Hotman.jpg
Hugo, Johannes, https://de.wikipedia.org/wiki/Johannes_Hug, https://upload.wikimedia.org/wikipedia/commons/5/5a/Hug_wagenfur.jpg
    Hug Johannes, https://de.wikipedia.org/wiki/Johannes_Hug, https://upload.wikimedia.org/wikipedia/commons/5/5a/Hug_wagenfur.jpg
    Hugonis Johannes, https://de.wikipedia.org/wiki/Johannes_Hug, https://upload.wikimedia.org/wikipedia/commons/5/5a/Hug_wagenfur.jpg
Hyperius, Andreas https://de.wikipedia.org/wiki/Andreas_Hyperius, https://upload.wikimedia.org/wikipedia/commons/2/27/Andreas-Hyperius-1.jpg
    Ypern, Andreas https://de.wikipedia.org/wiki/Andreas_Hyperius, https://upload.wikimedia.org/wikipedia/commons/2/27/Andreas-Hyperius-1.jpg
    Gerhart, Andreas https://de.wikipedia.org/wiki/Andreas_Hyperius, https://upload.wikimedia.org/wikipedia/commons/2/27/Andreas-Hyperius-1.jpg
Jung, Johannes
Kessler Johannes, https://de.wikipedia.org/wiki/Johannes_Kessler
    Ahenarius Johannes, https://de.wikipedia.org/wiki/Johannes_Kessler
Lavater Ludwig, https://de.wikipedia.org/wiki/Ludwig_Lavater, https://upload.wikimedia.org/wikipedia/commons/4/44/Ludwig_Lavater_aport077.png
    Lydius, Martinus, https://de.wikipedia.org/wiki/Martin_Lydius
    Lydius, Martin, https://de.wikipedia.org/wiki/Martin_Lydius
Liner, Hans
Lycosthenes Konrad, https://de.wikipedia.org/wiki/Conrad_Lycosthenes, https://upload.wikimedia.org/wikipedia/commons/2/29/Conrad_Lycosthenes_1590.jpg
    Lycosthenes Conrad, https://de.wikipedia.org/wiki/Conrad_Lycosthenes, https://upload.wikimedia.org/wikipedia/commons/2/29/Conrad_Lycosthenes_1590.jpg
    Wolffhart Conrad, https://de.wikipedia.org/wiki/Conrad_Lycosthenes, https://upload.wikimedia.org/wikipedia/commons/2/29/Conrad_Lycosthenes_1590.jpg
Jane, Grey, https://de.wikipedia.org/wiki/Jane_Grey https://upload.wikimedia.org/wikipedia/commons/8/87/Streathamladyjayne.jpg
Joachim Bäldi, https://de.wikipedia.org/wiki/Joachim_B%C3%A4ldi, https://upload.wikimedia.org/wikipedia/commons/6/68/COABaeldi.png
Mont, Christopher https://en.wikipedia.org/wiki/Christopher_Mont
    Dr. Mont, Christopher https://en.wikipedia.org/wiki/Christopher_Mont
Musculus, Wolfgang, https://de.wikipedia.org/wiki/Wolfgang_Musculus https://upload.wikimedia.org/wikipedia/commons/1/1b/Wolfgang_Musculus_%28Herzog%29.png
    Müslin, Wolfgang, https://de.wikipedia.org/wiki/Wolfgang_Musculus https://upload.wikimedia.org/wikipedia/commons/1/1b/Wolfgang_Musculus_%28Herzog%29.png
    Mäuslin, Wolfgang, https://de.wikipedia.org/wiki/Wolfgang_Musculus https://upload.wikimedia.org/wikipedia/commons/1/1b/Wolfgang_Musculus_%28Herzog%29.png
Myszkowski, Stanislaus
Naogeorgus, Thomas, https://de.wikipedia.org/wiki/Thomas_Naogeorg, https://upload.wikimedia.org/wikipedia/commons/3/3b/Thomas_Naogeorgius_Pammachius_Bern_1545_%28Isny%29.jpg
    Naogeorg, Thomas, https://de.wikipedia.org/wiki/Thomas_Naogeorg, https://upload.wikimedia.org/wikipedia/commons/3/3b/Thomas_Naogeorgius_Pammachius_Bern_1545_%28Isny%29.jpg
    Kirchmeyer, Thomas, https://de.wikipedia.org/wiki/Thomas_Naogeorg, https://upload.wikimedia.org/wikipedia/commons/3/3b/Thomas_Naogeorgius_Pammachius_Bern_1545_%28Isny%29.jpg
    Kirchmair, Thomas, https://de.wikipedia.org/wiki/Thomas_Naogeorg, https://upload.wikimedia.org/wikipedia/commons/3/3b/Thomas_Naogeorgius_Pammachius_Bern_1545_%28Isny%29.jpg
    Neubauer, Thomas, https://de.wikipedia.org/wiki/Thomas_Naogeorg, https://upload.wikimedia.org/wikipedia/commons/3/3b/Thomas_Naogeorgius_Pammachius_Bern_1545_%28Isny%29.jpg
Oporin, Johannes, https://de.wikipedia.org/wiki/Johannes_Oporinus https://upload.wikimedia.org/wikipedia/commons/2/26/Bildnis_des_Johannes_Oporinus.jpg
    Oporinus, Johannes, https://de.wikipedia.org/wiki/Johannes_Oporinus https://upload.wikimedia.org/wikipedia/commons/2/26/Bildnis_des_Johannes_Oporinus.jpg
    Herbster, Johannes, https://de.wikipedia.org/wiki/Johannes_Oporinus https://upload.wikimedia.org/wikipedia/commons/2/26/Bildnis_des_Johannes_Oporinus.jpg
    Herbster, Johann, https://de.wikipedia.org/wiki/Johannes_Oporinus https://upload.wikimedia.org/wikipedia/commons/2/26/Bildnis_des_Johannes_Oporinus.jpg
    Erbst, Johannes, https://de.wikipedia.org/wiki/Johannes_Oporinus https://upload.wikimedia.org/wikipedia/commons/2/26/Bildnis_des_Johannes_Oporinus.jpg
    Erbst, Johann, https://de.wikipedia.org/wiki/Johannes_Oporinus https://upload.wikimedia.org/wikipedia/commons/2/26/Bildnis_des_Johannes_Oporinus.jpg
    Erbst, Hans, https://de.wikipedia.org/wiki/Johannes_Oporinus https://upload.wikimedia.org/wikipedia/commons/2/26/Bildnis_des_Johannes_Oporinus.jpg
Oswald, Myconius, https://de.wikipedia.org/wiki/Oswald_Myconius, https://upload.wikimedia.org/wikipedia/commons/3/38/OswaldMyconius.jpg
    Geisshüsler, Myconius, https://de.wikipedia.org/wiki/Oswald_Myconius, https://upload.wikimedia.org/wikipedia/commons/3/38/OswaldMyconius.jpg
Rüeger, Jakob
Parkhurst, John, https://de.wikipedia.org/wiki/John_Parkhurst, https://upload.wikimedia.org/wikipedia/commons/4/42/Bp_John_Parkhurst.jpg
Sailer, Gereon, https://www.deutsche-biographie.de/sfz77834.html
    Sayler, Gereon, https://www.deutsche-biographie.de/sfz77834.html
Schertlin, Sebastian
Schlüsselberger Gabriel
Secundus, Curio Coelius
Simler, Josias, https://de.wikipedia.org/wiki/Josias_Simler https://upload.wikimedia.org/wikipedia/commons/c/c7/Josias_Simmler.jpg
    Simmler, Josias, https://de.wikipedia.org/wiki/Josias_Simler https://upload.wikimedia.org/wikipedia/commons/c/c7/Josias_Simmler.jpg
Skalich Paul, https://de.wikipedia.org/wiki/Pavao_Skali%C4%87 https://upload.wikimedia.org/wikipedia/commons/1/11/Paulus_Scalichius%2C_Comes_Hunnorum_Marchio_Veronae_on_frontispiece.jpg
    Skalichius, Paul, https://de.wikipedia.org/wiki/Pavao_Skali%C4%87, https://upload.wikimedia.org/wikipedia/commons/1/11/Paulus_Scalichius%2C_Comes_Hunnorum_Marchio_Veronae_on_frontispiece.jpg
    Scalichius, Paulus, https://de.wikipedia.org/wiki/Pavao_Skali%C4%87, https://upload.wikimedia.org/wikipedia/commons/1/11/Paulus_Scalichius%2C_Comes_Hunnorum_Marchio_Veronae_on_frontispiece.jpg
    Scaliger, Paul, https://de.wikipedia.org/wiki/Pavao_Skali%C4%87, https://upload.wikimedia.org/wikipedia/commons/1/11/Paulus_Scalichius%2C_Comes_Hunnorum_Marchio_Veronae_on_frontispiece.jpg
    Skalich Paul, https://de.wikipedia.org/wiki/Pavao_Skali%C4%87, https://upload.wikimedia.org/wikipedia/commons/1/11/Paulus_Scalichius%2C_Comes_Hunnorum_Marchio_Veronae_on_frontispiece.jpg
    Skalić, Pavao, https://de.wikipedia.org/wiki/Pavao_Skali%C4%87, https://upload.wikimedia.org/wikipedia/commons/1/11/Paulus_Scalichius%2C_Comes_Hunnorum_Marchio_Veronae_on_frontispiece.jpg
Stetten Georg
    von Stetten Georg
Stockar Benedikt, https://de.wikipedia.org/wiki/Benedikt_Stokar
    Stockarum, Benedikt, https://de.wikipedia.org/wiki/Benedikt_Stokar
    Utenhove, Johannes, https://de.wikipedia.org/wiki/Jan_van_Utenhove
    Utenhove, John, https://de.wikipedia.org/wiki/Jan_van_Utenhove
    Utenhove, Jan, https://de.wikipedia.org/wiki/Jan_van_Utenhove
    van Utenhove van der Gracht Johannes, https://de.wikipedia.org/wiki/Jan_van_Utenhove
Salis, Friedrich, https://de.wikipedia.org/wiki/Salis_%28Adelsgeschlecht%29, https://upload.wikimedia.org/wikipedia/de/0/05/Salis-Wappen.png
    von Salis, Friedrich, https://de.wikipedia.org/wiki/Salis_%28Adelsgeschlecht%29, https://upload.wikimedia.org/wikipedia/de/0/05/Salis-Wappen.png
Sulzer, Simon, https://de.wikipedia.org/wiki/Simon_Sulzer, https://upload.wikimedia.org/wikipedia/commons/2/2a/Simon-Sulzer.jpg
Tossanus, Daniel, https://de.wikipedia.org/wiki/Daniel_Tossanus_der_%C3%84ltere, https://upload.wikimedia.org/wikipedia/commons/8/87/DanielTossanusd%C3%84.jpg
    Toussaint, Daniel, https://de.wikipedia.org/wiki/Daniel_Tossanus_der_%C3%84ltere, https://upload.wikimedia.org/wikipedia/commons/8/87/DanielTossanusd%C3%84.jpg
Travers Johannes, https://de.wikipedia.org/wiki/Johann_Travers
    Travers Gian, https://de.wikipedia.org/wiki/Johann_Travers
Ulmer, Johann Konrad, https://de.wikipedia.org/wiki/Johann_Konrad_Ulmer, https://upload.wikimedia.org/wikipedia/commons/1/10/Johann_Conrad_Ulmer.jpg
    von Ulm, Johann Konrad, https://de.wikipedia.org/wiki/Johann_Konrad_Ulmer, https://upload.wikimedia.org/wikipedia/commons/1/10/Johann_Conrad_Ulmer.jpg
    Ulmis, Johann Konrad, https://de.wikipedia.org/wiki/Johann_Konrad_Ulmer, https://upload.wikimedia.org/wikipedia/commons/1/10/Johann_Conrad_Ulmer.jpg
    von Ulm, Johann, https://de.wikipedia.org/wiki/Johann_Konrad_Ulmer, https://upload.wikimedia.org/wikipedia/commons/1/10/Johann_Conrad_Ulmer.jpg
    Ulmis, Johann, https://de.wikipedia.org/wiki/Johann_Konrad_Ulmer, https://upload.wikimedia.org/wikipedia/commons/1/10/Johann_Conrad_Ulmer.jpg
Vadian, Joachim https://de.wikipedia.org/wiki/Joachim_Vadian, https://upload.wikimedia.org/wikipedia/commons/2/26/Joachim-von-Watt.jpg
    Vadianus, Joachim https://de.wikipedia.org/wiki/Joachim_Vadian, https://upload.wikimedia.org/wikipedia/commons/2/26/Joachim-von-Watt.jpg
    von Watt, Joachim https://de.wikipedia.org/wiki/Joachim_Vadian, https://upload.wikimedia.org/wikipedia/commons/2/26/Joachim-von-Watt.jpg
Vergerio, Pietro Paolo
    Vergerius, Petrus Paulus
Viret Pierre, https://de.wikipedia.org/wiki/Pierre_Viret, https://upload.wikimedia.org/wikipedia/commons/9/93/PierreViret.jpg
Vogt, Simprecht
Waidner Wolfgang
Wissenburg, Wolfgang
Württemberg Georg, https://de.wikipedia.org/wiki/Georg_I._(W%C3%BCrttemberg-M%C3%B6mpelgard), https://upload.wikimedia.org/wikipedia/commons/3/3c/George_I_of_W%C3%BCrttemberg-M%C3%B6mpelgard.jpg
    von Württemberg Georg, https://de.wikipedia.org/wiki/Georg_I._(W%C3%BCrttemberg-M%C3%B6mpelgard), https://upload.wikimedia.org/wikipedia/commons/3/3c/George_I_of_W%C3%BCrttemberg-M%C3%B6mpelgard.jpg
    Württemberg Georg I., https://de.wikipedia.org/wiki/Georg_I._(W%C3%BCrttemberg-M%C3%B6mpelgard), https://upload.wikimedia.org/wikipedia/commons/3/3c/George_I_of_W%C3%BCrttemberg-M%C3%B6mpelgard.jpg
    von Württemberg Georg I., https://de.wikipedia.org/wiki/Georg_I._(W%C3%BCrttemberg-M%C3%B6mpelgard), https://upload.wikimedia.org/wikipedia/commons/3/3c/George_I_of_W%C3%BCrttemberg-M%C3%B6mpelgard.jpg
    Württemberg-Mömpelgard Georg I. https://de.wikipedia.org/wiki/Georg_I._(W%C3%BCrttemberg-M%C3%B6mpelgard), https://upload.wikimedia.org/wikipedia/commons/3/3c/George_I_of_W%C3%BCrttemberg-M%C3%B6mpelgard.jpg
    von Württemberg-Mömpelgard Georg I. https://de.wikipedia.org/wiki/Georg_I._(W%C3%BCrttemberg-M%C3%B6mpelgard), https://upload.wikimedia.org/wikipedia/commons/3/3c/George_I_of_W%C3%BCrttemberg-M%C3%B6mpelgard.jpg
Zacharias, Ursinus https://de.wikipedia.org/wiki/Zacharias_Ursinus https://upload.wikimedia.org/wikipedia/commons/1/1e/Zacharias_Ursinus.png, https://upload.wikimedia.org/wikipedia/commons/3/3c/George_I_of_W%C3%BCrttemberg-M%C3%B6mpelgard.jpg
    Zacharias, Baer https://de.wikipedia.org/wiki/Zacharias_Ursinus https://upload.wikimedia.org/wikipedia/commons/1/1e/Zacharias_Ursinus.png, https://upload.wikimedia.org/wikipedia/commons/3/3c/George_I_of_W%C3%BCrttemberg-M%C3%B6mpelgard.jpg
Zanchi, Hieronimo, https://de.wikipedia.org/wiki/Girolamo_Zanchi, https://upload.wikimedia.org/wikipedia/commons/8/87/Girolami-Zanchi.jpg
    Zanchi, Hieronymus, https://de.wikipedia.org/wiki/Girolamo_Zanchi, https://upload.wikimedia.org/wikipedia/commons/8/87/Girolami-Zanchi.jpg
    Zanchius, Hieronimo, https://de.wikipedia.org/wiki/Girolamo_Zanchi, https://upload.wikimedia.org/wikipedia/commons/8/87/Girolami-Zanchi.jpg
    Zanchius, Hieronymus, https://de.wikipedia.org/wiki/Girolamo_Zanchi, https://upload.wikimedia.org/wikipedia/commons/8/87/Girolami-Zanchi.jpg
    Zanchius, Girolamo, https://de.wikipedia.org/wiki/Girolamo_Zanchi, https://upload.wikimedia.org/wikipedia/commons/8/87/Girolami-Zanchi.jpg
